"","NOME","PARTIDO","UF"
"1","ABEL MESQUITA JR.","DEM","RR"
"2","ADAIL CARNEIRO","PP","CE"
"3","ADALBERTO CAVALCANTI","PTB","PE"
"4","ADELMO CARNEIRO LEAO","PT","MG"
"5","ADELSON BARRETO","PR","SE"
"6","ADEMIR CAMILO","PTN","MG"
"7","ADILTON SACHETTI","PSB","MT"
"8","AELTON FREITAS","PR","MG"
"9","AFONSO FLORENCE","PT","BA"
"10","AFONSO HAMM","PP","RS"
"11","AFONSO MOTTA","PDT","RS"
"12","AGUINALDO RIBEIRO","PP","PB"
"13","ALAN RICK","PRB","AC"
"14","ALBERTO FILHO","PMDB","MA"
"15","ALBERTO FRAGA","DEM","DF"
"16","ALCEU MOREIRA","PMDB","RS"
"17","ALESSANDRO MOLON","REDE","RJ"
"18","ALEX CANZIANI","PTB","PR"
"19","ALEX MANENTE","PPS","SP"
"20","ALEXANDRE BALDY","PTN","GO"
"21","ALEXANDRE LEITE","DEM","SP"
"22","ALEXANDRE SERFIOTIS","PMDB","RJ"
"23","ALEXANDRE VALLE","PR","RJ"
"24","ALFREDO KAEFER","PSL","PR"
"25","ALFREDO NASCIMENTO","PR","AM"
"26","ALICE PORTUGAL","PCdoB","BA"
"27","ALIEL MACHADO","REDE","PR"
"28","ALTINEU CORTES","PMDB","RJ"
"29","ALUISIO MENDES","PTN","MA"
"30","ANA PERUGINI","PT","SP"
"31","ANDERSON FERREIRA","PR","PE"
"32","ANDRE ABDON","PP","AP"
"33","ANDRE DE PAULA","PSD","PE"
"34","ANDRE FIGUEIREDO","PDT","CE"
"35","ANDRE FUFUCA","PP","MA"
"36","ANDRE MOURA","PSC","SE"
"37","ANDRES SANCHEZ","PT","SP"
"38","ANGELA ALBINO","PCdoB","SC"
"39","ANGELIM","PT","AC"
"40","ANIBAL GOMES","PMDB","CE"
"41","ANTONIO BRITO","PSD","BA"
"42","ANTONIO BULHOES","PRB","SP"
"43","ANTONIO CARLOS MENDES THAME","PV","SP"
"44","ANTONIO IMBASSAHY","PSDB","BA"
"45","ANTONIO JACOME","PTN","RN"
"46","ARIOSTO HOLANDA","PDT","CE"
"47","ARLINDO CHINAGLIA","PT","SP"
"48","ARNALDO FARIA DE SA","PTB","SP"
"49","ARNALDO JARDIM","PPS","SP"
"50","ARNALDO JORDY","PPS","PA"
"51","ARNON BEZERRA","PTB","CE"
"52","AROLDE DE OLIVEIRA","PSC","RJ"
"53","ARTHUR LIRA","PP","AL"
"54","ARTHUR OLIVEIRA MAIA","PPS","BA"
"55","ARTHUR VIRGILIO BISNETO","PSDB","AM"
"56","ASSIS CARVALHO","PT","PI"
"57","ASSIS DO COUTO","PDT","PR"
"58","ATILA A. NUNES","PMDB","RJ"
"59","ATILA LINS","PSD","AM"
"60","ATILA LIRA","PSB","PI"
"61","AUGUSTO CARVALHO","SD","DF"
"62","AUGUSTO COUTINHO","SD","PE"
"63","AUREO","SD","RJ"
"64","BACELAR","PTN","BA"
"65","BALEIA ROSSI","PMDB","SP"
"66","BEBETO","PSB","BA"
"67","BENEDITA DA SILVA","PT","RJ"
"68","BENITO GAMA","PTB","BA"
"69","BENJAMIN MARANHAO","SD","PB"
"70","BETINHO GOMES","PSDB","PE"
"71","BETO FARO","PT","PA"
"72","BETO MANSUR","PRB","SP"
"73","BETO ROSADO","PP","RN"
"74","BETO SALAME","PP","PA"
"75","BILAC PINTO","PR","MG"
"76","BOHN GASS","PT","RS"
"77","BONIFACIO DE ANDRADA","PSDB","MG"
"78","BRUNA FURLAN","PSDB","SP"
"79","BRUNNY","PR","MG"
"80","BRUNO ARAUJO","PSDB","PE"
"81","BRUNO COVAS","PSDB","SP"
"82","CABO DACIOLO","PTdoB","RJ"
"83","CABO SABINO","PR","CE"
"84","CABUÇU BORGES","PMDB","AP"
"85","CACA LEAO","PP","BA"
"86","CAETANO","PT","BA"
"87","CAIO NARCIO","PSDB","MG"
"88","CAJAR NARDES","PR","RS"
"89","CAPITAO AUGUSTO","PR","SP"
"90","CAPITAO FABIO ABREU","PTB","PI"
"91","CARLOS ANDRADE","PHS","RR"
"92","CARLOS BEZERRA","PMDB","MT"
"93","CARLOS EDUARDO CADOCA","PDT","PE"
"94","CARLOS GOMES","PRB","RS"
"95","CARLOS HENRIQUE GAGUIM","PTN","TO"
"96","CARLOS MANATO","SD","ES"
"97","CARLOS MARUN","PMDB","MS"
"98","CARLOS MELLES","DEM","MG"
"99","CARLOS SAMPAIO","PSDB","SP"
"100","CARLOS ZARATTINI","PT","SP"
"101","CARMEN ZANOTTO","PPS","SC"
"102","CELIO SILVEIRA","PSDB","GO"
"103","CELSO JACOB","PMDB","RJ"
"104","CELSO MALDANER","PMDB","SC"
"105","CELSO PANSERA","PMDB","RJ"
"106","CELSO RUSSOMANNO","PRB","SP"
"107","CESAR HALUM","PRB","TO"
"108","CESAR MESSIAS","PSB","AC"
"109","CESAR SOUZA","PSD","SC"
"110","CHICO ALENCAR","PSOL","RJ"
"111","CHICO D'ANGELO","PT","RJ"
"112","CHICO LOPES","PCdoB","CE"
"113","CHRISTIANE DE SOUZA YARED","PR","PR"
"114","CICERO ALMEIDA","PMDB","AL"
"115","CLARISSA GAROTINHO","PR","RJ"
"116","CLAUDIO CAJADO","DEM","BA"
"117","CLEBER VERDE","PRB","MA"
"118","CONCEIÇAO SAMPAIO","PP","AM"
"119","COVATTI FILHO","PP","RS"
"120","CREUZA PEREIRA","PSB","PE"
"121","CRISTIANE BRASIL","PTB","RJ"
"122","DAGOBERTO","PDT","MS"
"123","DAMIAO FELICIANO","PDT","PB"
"124","DAMINA PEREIRA","PSL","MG"
"125","DANIEL ALMEIDA","PCdoB","BA"
"126","DANIEL COELHO","PSDB","PE"
"127","DANIEL VILELA","PMDB","GO"
"128","DANILO CABRAL","PSB","PE"
"129","DANILO FORTE","PSB","CE"
"130","DANRLEI DE DEUS HINTERHOLZ","PSD","RS"
"131","DARCISIO PERONDI","PMDB","RS"
"132","DAVI ALVES SILVA JUNIOR","PR","MA"
"133","DAVIDSON MAGALHAES","PCdoB","BA"
"134","DECIO LIMA","PT","SC"
"135","DELEGADO EDER MAURO","PSD","PA"
"136","DELEGADO EDSON MOREIRA","PR","MG"
"137","DELEGADO WALDIR","PR","GO"
"138","DELEY","PTB","RJ"
"139","DIEGO ANDRADE","PSD","MG"
"140","DIEGO GARCIA","PHS","PR"
"141","DILCEU SPERAFICO","PP","PR"
"142","DIMAS FABIANO","PP","MG"
"143","DOMINGOS NETO","PSD","CE"
"144","DOMINGOS SAVIO","PSDB","MG"
"145","DR. JOAO","PR","RJ"
"146","DR. JORGE SILVA","PHS","ES"
"147","DR. SINVAL MALHEIROS","PTN","SP"
"148","DUARTE NOGUEIRA","PSDB","SP"
"149","DULCE MIRANDA","PMDB","TO"
"150","EDINHO ARAUJO","PMDB","SP"
"151","EDINHO BEZ","PMDB","SC"
"152","EDIO LOPES","PR","RR"
"153","EDMAR ARRUDA","PSD","PR"
"154","EDMILSON RODRIGUES","PSOL","PA"
"155","EDUARDO BARBOSA","PSDB","MG"
"156","EDUARDO BOLSONARO","PSC","SP"
"157","EDUARDO CUNHA","PMDB","RJ"
"158","EDUARDO CURY","PSDB","SP"
"159","EDUARDO DA FONTE","PP","PE"
"160","EFRAIM FILHO","DEM","PB"
"161","ELCIONE BARBALHO","PMDB","PA"
"162","ELI CORREA FILHO","DEM","SP"
"163","ELIZEU DIONIZIO","PSDB","MS"
"164","ELIZIANE GAMA","PPS","MA"
"165","ELMAR NASCIMENTO","DEM","BA"
"166","ENIO VERRI","PT","PR"
"167","ERIKA KOKAY","PT","DF"
"168","ERIVELTON SANTANA","PEN","BA"
"169","EROS BIONDINI","PROS","MG"
"170","ESPERIDIAO AMIN","PP","SC"
"171","EVAIR VIEIRA DE MELO","PV","ES"
"172","EVANDRO GUSSI","PV","SP"
"173","EVANDRO ROMAN","PSD","PR"
"174","EXPEDITO NETTO","PSD","RO"
"175","EZEQUIEL FONSECA","PP","MT"
"176","EZEQUIEL TEIXEIRA","PTN","RJ"
"177","FABIANO HORTA","PT","RJ"
"178","FABIO FARIA","PSD","RN"
"179","FABIO GARCIA","PSB","MT"
"180","FABIO MITIDIERI","PSD","SE"
"181","FABIO RAMALHO","PMDB","MG"
"182","FABIO REIS","PMDB","SE"
"183","FABIO SOUSA","PSDB","GO"
"184","FATIMA BEZERRA","PT","RN"
"185","FAUSTO PINATO","PP","SP"
"186","FELIPE BORNIER","PROS","RJ"
"187","FELIPE MAIA","DEM","RN"
"188","FELIX MENDONÇA JUNIOR","PDT","BA"
"189","FERNANDO COELHO FILHO","PSB","PE"
"190","FERNANDO FRANCISCHINI","SD","PR"
"191","FERNANDO JORDAO","PMDB","RJ"
"192","FERNANDO MONTEIRO","PP","PE"
"193","FERNANDO TORRES","PSD","BA"
"194","FLAVIA MORAIS","PDT","GO"
"195","FLAVIANO MELO","PMDB","AC"
"196","FLAVINHO","PSB","SP"
"197","FLAVIO NOGUEIRA","PDT","PI"
"198","FLORIANO PESARO","PSDB","SP"
"199","FRANCISCO CHAPADINHA","PTN","PA"
"200","FRANCISCO FLORIANO","DEM","RJ"
"201","FRANKLIN LIMA","PP","MG"
"202","GABRIEL GUIMARAES","PT","MG"
"203","GENECIAS NORONHA","SD","CE"
"204","GEORGE HILTON","PROS","MG"
"205","GEOVANIA DE SA","PSDB","SC"
"206","GERALDO RESENDE","PSDB","MS"
"207","GIACOBO","PR","PR"
"208","GILBERTO NASCIMENTO","PSC","SP"
"209","GIOVANI CHERINI","S.PART.","RS"
"210","GIUSEPPE VECCI","PSDB","GO"
"211","GIVALDO CARIMBAO","PHS","AL"
"212","GIVALDO VIEIRA","PT","ES"
"213","GLAUBER BRAGA","PSOL","RJ"
"214","GONZAGA PATRIOTA","PSB","PE"
"215","GORETE PEREIRA","PR","CE"
"216","GOULART","PSD","SP"
"217","GUILHERME COELHO","PSDB","PE"
"218","GUILHERME MUSSI","PP","SP"
"219","HEITOR SCHUCH","PSB","RS"
"220","HELDER SALOMAO","PT","ES"
"221","HELIO LEITE","DEM","PA"
"222","HENRIQUE FONTANA","PT","RS"
"223","HERACLITO FORTES","PSB","PI"
"224","HERCULANO PASSOS","PSD","SP"
"225","HERMES PARCIANELLO","PMDB","PR"
"226","HEULER CRUVINEL","PSD","GO"
"227","HILDO ROCHA","PMDB","MA"
"228","HIRAN GONÇALVES","PP","RR"
"229","HISSA ABRAHAO","PDT","AM"
"230","HUGO LEAL","PSB","RJ"
"231","HUGO MOTTA","PMDB","PB"
"232","ILDON MARQUES","PSB","MA"
"233","INDIO DA COSTA","PSD","RJ"
"234","IRACEMA PORTELLA","PP","PI"
"235","IRAJA ABREU","PSD","TO"
"236","IRMAO LAZARO","PSC","BA"
"237","IVAN VALENTE","PSOL","SP"
"238","IZALCI","PSDB","DF"
"239","JAIME MARTINS","PSD","MG"
"240","JAIR BOLSONARO","PSC","RJ"
"241","JANDIRA FEGHALI","PCdoB","RJ"
"242","JANETE CAPIBERIBE","PSB","AP"
"243","JARBAS VASCONCELOS","PMDB","PE"
"244","JEAN WYLLYS","PSOL","RJ"
"245","JEFFERSON CAMPOS","PSD","SP"
"246","JERONIMO GOERGEN","PP","RS"
"247","JESSICA SALES","PMDB","AC"
"248","JHC","PSB","AL"
"249","JHONATAN DE JESUS","PRB","RR"
"250","JO MORAES","PCdoB","MG"
"251","JOAO ARRUDA","PMDB","PR"
"252","JOAO CAMPOS","PRB","GO"
"253","JOAO CARLOS BACELAR","PR","BA"
"254","JOAO CASTELO","PSDB","MA"
"255","JOAO DANIEL","PT","SE"
"256","JOAO DERLY","REDE","RS"
"257","JOAO FERNANDO COUTINHO","PSB","PE"
"258","JOAO GUALBERTO","PSDB","BA"
"259","JOAO MARCELO SOUZA","PMDB","MA"
"260","JOAO PAULO KLEINUBING","PSD","SC"
"261","JOAO PAULO PAPA","PSDB","SP"
"262","JOAO RODRIGUES","PSD","SC"
"263","JOAQUIM PASSARINHO","PSD","PA"
"264","JONES MARTINS","PMDB","RS"
"265","JONY MARCOS","PRB","SE"
"266","JORGE BOEIRA","PP","SC"
"267","JORGE CORTE REAL","PTB","PE"
"268","JORGE SOLLA","PT","BA"
"269","JORGE TADEU MUDALEN","DEM","SP"
"270","JORGINHO MELLO","PR","SC"
"271","JOSE AIRTON CIRILO","PT","CE"
"272","JOSE CARLOS ALELUIA","DEM","BA"
"273","JOSE CARLOS ARAUJO","PR","BA"
"274","JOSE FOGAÇA","PMDB","RS"
"275","JOSE GUIMARAES","PT","CE"
"276","JOSE MENTOR","PT","SP"
"277","JOSE NUNES","PSD","BA"
"278","JOSE OTAVIO GERMANO","PP","RS"
"279","JOSE PRIANTE","PMDB","PA"
"280","JOSE REINALDO","PSB","MA"
"281","JOSE ROCHA","PR","BA"
"282","JOSE STEDILE","PSB","RS"
"283","JOSI NUNES","PMDB","TO"
"284","JOSIAS GOMES","PT","BA"
"285","JOSUE BENGTSON","PTB","PA"
"286","JOVAIR ARANTES","PTB","GO"
"287","JOZI ARAUJO","PTN","AP"
"288","JULIA MARINHO","PSC","PA"
"289","JULIO CESAR","PSD","PI"
"290","JULIO DELGADO","PSB","MG"
"291","JULIO LOPES","PP","RJ"
"292","JUNIOR MARRECA","PEN","MA"
"293","JUSCELINO FILHO","DEM","MA"
"294","JUTAHY JUNIOR","PSDB","BA"
"295","KAIO MANIÇOBA","PMDB","PE"
"296","KEIKO OTA","PSB","SP"
"297","LAERCIO OLIVEIRA","SD","SE"
"298","LAERTE BESSA","PR","DF"
"299","LAUDIVIO CARVALHO","SD","MG"
"300","LAURA CARNEIRO","PMDB","RJ"
"301","LAZARO BOTELHO","PP","TO"
"302","LEANDRE","PV","PR"
"303","LELO COIMBRA","PMDB","ES"
"304","LEO DE BRITO","PT","AC"
"305","LEONARDO MONTEIRO","PT","MG"
"306","LEONARDO PICCIANI","PMDB","RJ"
"307","LEONARDO QUINTAO","PMDB","MG"
"308","LEONIDAS CRISTINO","PDT","CE"
"309","LEOPOLDO MEYER","PSB","PR"
"310","LIDERANÇA DO PSDB",NA,NA
"311","LIDERANÇA DO PT",NA,NA
"312","LINCOLN PORTELA","PRB","MG"
"313","LINDOMAR GARÇON","PRB","RO"
"314","LOBBE NETO","PSDB","SP"
"315","LUCAS VERGILIO","SD","GO"
"316","LUCIANA SANTOS","PCdoB","PE"
"317","LUCIANO DUCCI","PSB","PR"
"318","LUCIO MOSQUINI","PMDB","RO"
"319","LUCIO VALE","PR","PA"
"320","LUCIO VIEIRA LIMA","PMDB","BA"
"321","LUIS CARLOS HEINZE","PP","RS"
"322","LUIS TIBE","PTdoB","MG"
"323","LUIZ CARLOS BUSATO","PTB","RS"
"324","LUIZ CARLOS HAULY","PSDB","PR"
"325","LUIZ CARLOS RAMOS","PTN","RJ"
"326","LUIZ CLAUDIO","PR","RO"
"327","LUIZ COUTO","PT","PB"
"328","LUIZ FERNANDO FARIA","PP","MG"
"329","LUIZ LAURO FILHO","PSB","SP"
"330","LUIZ NISHIMORI","PR","PR"
"331","LUIZ SERGIO","PT","RJ"
"332","LUIZA ERUNDINA","PSOL","SP"
"333","LUIZIANNE LINS","PT","CE"
"334","MACEDO","PP","CE"
"335","MAGDA MOFATTO","PR","GO"
"336","MAIA FILHO","PP","PI"
"337","MAJOR OLIMPIO","SD","SP"
"338","MANDETTA","DEM","MS"
"339","MANOEL JUNIOR","PMDB","PB"
"340","MARA GABRILLI","PSDB","SP"
"341","MARCELO AGUIAR","DEM","SP"
"342","MARCELO ALVARO ANTONIO","PR","MG"
"343","MARCELO ARO","PHS","MG"
"344","MARCELO BELINATI","PP","PR"
"345","MARCELO CASTRO","PMDB","PI"
"346","MARCELO MATOS","PHS","RJ"
"347","MARCELO SQUASSONI","PRB","SP"
"348","MARCIO ALVINO","PR","SP"
"349","MARCIO BIOLCHI","PMDB","RS"
"350","MARCIO MARINHO","PRB","BA"
"351","MARCO ANTONIO CABRAL","PMDB","RJ"
"352","MARCO MAIA","PT","RS"
"353","MARCO TEBALDI","PSDB","SC"
"354","MARCON","PT","RS"
"355","MARCONDES GADELHA","PSC","PB"
"356","MARCOS ABRAO","PPS","GO"
"357","MARCOS MONTES","PSD","MG"
"358","MARCOS REATEGUI","PSD","AP"
"359","MARCOS ROGERIO","DEM","RO"
"360","MARCOS ROTTA","PMDB","AM"
"361","MARCOS SOARES","DEM","RJ"
"362","MARCUS PESTANA","PSDB","MG"
"363","MARCUS VICENTE","PP","ES"
"364","MARGARIDA SALOMAO","PT","MG"
"365","MARIA DO ROSARIO","PT","RS"
"366","MARIA HELENA","PSB","RR"
"367","MARIANA CARVALHO","PSDB","RO"
"368","MARINALDO ROSENDO","PSB","PE"
"369","MARINHA RAUPP","PMDB","RO"
"370","MARIO HERINGER","PDT","MG"
"371","MARIO NEGROMONTE JR.","PP","BA"
"372","MARQUINHO MENDES","PMDB","RJ"
"373","MARX BELTRAO","PMDB","AL"
"374","MAURICIO QUINTELLA LESSA","PR","AL"
"375","MAURO BENEVIDES","PMDB","CE"
"376","MAURO LOPES","PMDB","MG"
"377","MAURO MARIANI","PMDB","SC"
"378","MAURO PEREIRA","PMDB","RS"
"379","MAX FILHO","PSDB","ES"
"380","MENDONÇA FILHO","DEM","PE"
"381","MERLONG SOLANO","PT","PI"
"382","MIGUEL CORREA","PT","MG"
"383","MIGUEL HADDAD","PSDB","SP"
"384","MIGUEL LOMBARDI","PR","SP"
"385","MILTON MONTI","PR","SP"
"386","MIRO TEIXEIRA","REDE","RJ"
"387","MISAEL VARELLA","DEM","MG"
"388","MISSIONARIO JOSE OLIMPIO","DEM","SP"
"389","MOEMA GRAMACHO","PT","BA"
"390","MORONI TORGAN","DEM","CE"
"391","MOSES RODRIGUES","PMDB","CE"
"392","NELSON MARCHEZAN JUNIOR","PSDB","RS"
"393","NELSON MARQUEZELLI","PTB","SP"
"394","NELSON MEURER","PP","PR"
"395","NELSON PADOVANI","PSDB","PR"
"396","NELSON PELLEGRINO","PT","BA"
"397","NEWTON CARDOSO JR","PMDB","MG"
"398","NILMARIO MIRANDA","PT","MG"
"399","NILSON LEITAO","PSDB","MT"
"400","NILSON PINTO","PSDB","PA"
"401","NILTO TATTO","PT","SP"
"402","NILTON CAPIXABA","PTB","RO"
"403","NIVALDO ALBUQUERQUE","PRP","AL"
"404","ODAIR CUNHA","PT","MG"
"405","ODELMO LEAO","PP","MG"
"406","ODORICO MONTEIRO","PROS","CE"
"407","ONYX LORENZONI","DEM","RS"
"408","ORLANDO SILVA","PCdoB","SP"
"409","OSMAR SERRAGLIO","PMDB","PR"
"410","OSMAR TERRA","PMDB","RS"
"411","OTAVIO LEITE","PSDB","RJ"
"412","PADRE JOAO","PT","MG"
"413","PAES LANDIM","PTB","PI"
"414","PASTOR EURICO","PHS","PE"
"415","PASTOR LUCIANO BRAGA","PMB","BA"
"416","PATRUS ANANIAS","PT","MG"
"417","PAUDERNEY AVELINO","DEM","AM"
"418","PAULAO","PT","AL"
"419","PAULO ABI-ACKEL","PSDB","MG"
"420","PAULO AZI","DEM","BA"
"421","PAULO FEIJO","PR","RJ"
"422","PAULO FOLETTO","PSB","ES"
"423","PAULO FREIRE","PR","SP"
"424","PAULO HENRIQUE LUSTOSA","PP","CE"
"425","PAULO MAGALHAES","PSD","BA"
"426","PAULO MALUF","PP","SP"
"427","PAULO MARTINS","PSDB","PR"
"428","PAULO PEREIRA DA SILVA","SD","SP"
"429","PAULO PIMENTA","PT","RS"
"430","PAULO TEIXEIRA","PT","SP"
"431","PDT",NA,NA
"432","PEDRO CHAVES","PMDB","GO"
"433","PEDRO CUNHA LIMA","PSDB","PB"
"434","PEDRO FERNANDES","PTB","MA"
"435","PEDRO PAULO","PMDB","RJ"
"436","PEDRO UCZAI","PT","SC"
"437","PEDRO VILELA","PSDB","AL"
"438","PEPE VARGAS","PT","RS"
"439","PHS",NA,NA
"440","POMPEO DE MATTOS","PDT","RS"
"441","PR. MARCO FELICIANO","PSC","SP"
"442","PROFESSOR SERGIO DE OLIVEIRA","PSD","PR"
"443","PROFESSOR VICTORIO GALLI","PSC","MT"
"444","PROFESSORA DORINHA SEABRA REZENDE","DEM","TO"
"445","PROFESSORA MARCIVANIA","PCdoB","AP"
"446","PROS",NA,NA
"447","RAFAEL MOTTA","PSB","RN"
"448","RAIMUNDO GOMES DE MATOS","PSDB","CE"
"449","RAQUEL MUNIZ","PSD","MG"
"450","RAUL JUNGMANN","PPS","PE"
"451","REGINALDO LOPES","PT","MG"
"452","REINHOLD STEPHANES","PSD","PR"
"453","REJANE DIAS","PT","PI"
"454","REMIDIO MONAI","PR","RR"
"455","RENATA ABREU","PTN","SP"
"456","RENATO MOLLING","PP","RS"
"457","RENZO BRAZ","PP","MG"
"458","RICARDO BARROS","PP","PR"
"459","RICARDO IZAR","PP","SP"
"460","RICARDO TEOBALDO","PTN","PE"
"461","RICARDO TRIPOLI","PSDB","SP"
"462","ROBERTO ALVES","PRB","SP"
"463","ROBERTO BALESTRA","PP","GO"
"464","ROBERTO BRITTO","PP","BA"
"465","ROBERTO DE LUCENA","PV","SP"
"466","ROBERTO FREIRE","PPS","SP"
"467","ROBERTO GOES","PDT","AP"
"468","ROBERTO SALES","PRB","RJ"
"469","ROBERTO TEIXEIRA","PP","PE"
"470","ROCHA","PSDB","AC"
"471","RODRIGO DE CASTRO","PSDB","MG"
"472","RODRIGO GARCIA","DEM","SP"
"473","RODRIGO MAIA","DEM","RJ"
"474","RODRIGO MARTINS","PSB","PI"
"475","RODRIGO PACHECO","PMDB","MG"
"476","ROGERIO MARINHO","PSDB","RN"
"477","ROGERIO PENINHA MENDONÇA","PMDB","SC"
"478","ROGERIO ROSSO","PSD","DF"
"479","ROMULO GOUVEIA","PSD","PB"
"480","RONALDO BENEDET","PMDB","SC"
"481","RONALDO CARLETTO","PP","BA"
"482","RONALDO FONSECA","PROS","DF"
"483","RONALDO LESSA","PDT","AL"
"484","RONALDO MARTINS","PRB","CE"
"485","RONALDO NOGUEIRA","PTB","RS"
"486","RONEY NEMER","PP","DF"
"487","ROSANGELA CURADO","PDT","MA"
"488","ROSANGELA GOMES","PRB","RJ"
"489","ROSSONI","PSDB","PR"
"490","RUBENS BUENO","PPS","PR"
"491","RUBENS OTONI","PT","GO"
"492","RUBENS PEREIRA JUNIOR","PCdoB","MA"
"493","SAGUAS MORAES","PT","MT"
"494","SAMUEL MOREIRA","PSDB","SP"
"495","SANDES JUNIOR","PP","GO"
"496","SANDRO ALEX","PSD","PR"
"497","SARAIVA FELIPE","PMDB","MG"
"498","SARNEY FILHO","PV","MA"
"499","SDD",NA,NA
"500","SEBASTIAO OLIVEIRA","PR","PE"
"501","SERGIO BRITO","PSD","BA"
"502","SERGIO MORAES","PTB","RS"
"503","SERGIO REIS","PRB","SP"
"504","SERGIO SOUZA","PMDB","PR"
"505","SERGIO VIDIGAL","PDT","ES"
"506","SERGIO ZVEITER","PMDB","RJ"
"507","SEVERINO NINHO","PSB","PE"
"508","SHERIDAN","PSDB","RR"
"509","SIBA MACHADO","PT","AC"
"510","SILAS BRASILEIRO","PMDB","MG"
"511","SILAS CAMARA","PRB","AM"
"512","SILAS FREIRE","PR","PI"
"513","SILVIO COSTA","PTdoB","PE"
"514","SILVIO TORRES","PSDB","SP"
"515","SIMAO SESSIM","PP","RJ"
"516","SIMONE MORGADO","PMDB","PA"
"517","SORAYA SANTOS","PMDB","RJ"
"518","SOSTENES CAVALCANTE","DEM","RJ"
"519","STEFANO AGUIAR","PSD","MG"
"520","SUBTENENTE GONZAGA","PDT","MG"
"521","TADEU ALENCAR","PSB","PE"
"522","TAKAYAMA","PSC","PR"
"523","TAMPINHA","PSD","MT"
"524","TENENTE LUCIO","PSB","MG"
"525","TEREZA CRISTINA","PSB","MS"
"526","THIAGO PEIXOTO","PSD","GO"
"527","TIA ERON","PRB","BA"
"528","TIRIRICA","PR","SP"
"529","TONINHO PINHEIRO","PP","MG"
"530","TONINHO WANDSCHEER","PROS","PR"
"531","ULDURICO JUNIOR","PV","BA"
"532","VAL AMELIO","PRTB","AL"
"533","VALADARES FILHO","PSB","SE"
"534","VALDIR COLATTO","PMDB","SC"
"535","VALMIR ASSUNÇAO","PT","BA"
"536","VALMIR PRASCIDELLI","PT","SP"
"537","VALTENIR PEREIRA","PMDB","MT"
"538","VANDER LOUBET","PT","MS"
"539","VANDERLEI MACRIS","PSDB","SP"
"540","VENEZIANO VITAL DO REGO","PMDB","PB"
"541","VICENTE ARRUDA","PDT","CE"
"542","VICENTE CANDIDO","PT","SP"
"543","VICENTINHO","PT","SP"
"544","VICENTINHO JUNIOR","PR","TO"
"545","VICTOR MENDES","PSD","MA"
"546","VINICIUS CARVALHO","PRB","SP"
"547","VINICIUS GURGEL","PR","AP"
"548","VITOR LIPPI","PSDB","SP"
"549","VITOR VALIM","PMDB","CE"
"550","WADIH DAMOUS","PT","RJ"
"551","WADSON RIBEIRO","PCdoB","MG"
"552","WALDENOR PEREIRA","PT","BA"
"553","WALDIR MARANHAO","PP","MA"
"554","WALNEY ROCHA","PEN","RJ"
"555","WALTER ALVES","PMDB","RN"
"556","WASHINGTON REIS","PMDB","RJ"
"557","WELITON PRADO","PMB","MG"
"558","WELLINGTON ROBERTO","PR","PB"
"559","WEVERTON ROCHA","PDT","MA"
"560","WILLIAM WOO","PP","SP"
"561","WILSON BESERRA","PMDB","RJ"
"562","WILSON FILHO","PTB","PB"
"563","WLADIMIR COSTA","SD","PA"
"564","WOLNEY QUEIROZ","PDT","PE"
"565","ZE AUGUSTO NALIN","PMDB","RJ"
"566","ZE CARLOS","PT","MA"
"567","ZE GERALDO","PT","PA"
"568","ZE SILVA","SD","MG"
"569","ZECA CAVALCANTI","PTB","PE"
"570","ZECA DIRCEU","PT","PR"
"571","ZECA DO PT","PT","MS"
"572","ZENAIDE MAIA","PR","RN"
"573","ABELARDO CAMARINHA","PSB","SP"
"574","ABELARDO LUPION","DEM","PR"
"575","ACELINO POPO","PRB","BA"
"576","ADRIAN","PMDB","RJ"
"577","AKIRA OTSUBO","PMDB","MS"
"578","ALEXANDRE ROSO","PSB","RS"
"579","ALEXANDRE SANTOS","PMDB","RJ"
"580","ALEXANDRE SILVEIRA","PSD","MG"
"581","ALEXANDRE TOLEDO","PSB","AL"
"582","ALFREDO SIRKIS","PSB","RJ"
"583","ALINE CORREA","PP","SP"
"584","ALMEIDA LIMA","PMDB","SE"
"585","AMAURI TEIXEIRA","PT","BA"
"586","AMIR LANDO","PMDB","RO"
"587","ANDRE ZACHAROW","PMDB","PR"
"588","ANDREIA ZITO","PSDB","RJ"
"589","ANGELO AGNOLIN","PDT","TO"
"590","ANGELO VANHONI","PT","PR"
"591","ANSELMO DE JESUS","PT","RO"
"592","ANTHONY GAROTINHO","PR","RJ"
"593","ANTONIA LUCIA","PSC","AC"
"594","ANTONIO ANDRADE","PMDB","MG"
"595","ANTONIO BALHMANN","PDT","CE"
"596","ARMANDO VERGILIO","SD","GO"
"597","ARTUR BRUNO","PT","CE"
"598","ASSIS MELO","PCdoB","RS"
"599","BERINHO BANTIM","SD","RR"
"600","BERNARDO SANTANA DE VASCONCELLOS","PR","MG"
"601","BETINHO ROSADO","PP","RN"
"602","BETO ALBUQUERQUE","PSB","RS"
"603","BIFFI","PT","MS"
"604","BRUNO RODRIGUES","PSDB","PE"
"605","CAMILO COLA","PMDB","ES"
"606","CANDIDO VACCAREZZA","PT","SP"
"607","CARLOS ALBERTO LEREIA","PSDB","GO"
"608","CARLOS MAGNO","PP","RO"
"609","CARLOS MARTINS","PT","PA"
"610","CEZAR SILVESTRI","PPS","PR"
"611","CHICO DAS VERDURAS","PRP","RR"
"612","CLAUDIO PUTY","PT","PA"
"613","DALVA FIGUEIREDO","PT","AP"
"614","DAVI ALCOLUMBRE","DEM","AP"
"615","DELEGADO PROTOGENES","PCdoB","SP"
"616","DENILSON TEIXEIRA","PV","MG"
"617","DEOCLIDES MACEDO","PDT","MA"
"618","DEVANIR RIBEIRO","PT","SP"
"619","DOMINGOS DUTRA","SD","MA"
"620","DR. ADILSON SOARES","PR","RJ"
"621","DR. CARLOS ALBERTO","PMN","RJ"
"622","DR. GRILO","SD","MG"
"623","DR. LUIZ FERNANDO","PSD","AM"
"624","DR. PAULO CESAR","PR","RJ"
"625","DR. ROSINHA","PT","PR"
"626","DR. UBIALI","PSB","SP"
"627","DRA. ELAINE ABISSAMRA","PSB","SP"
"628","DUDIMAR PAXIUBA","PROS","PA"
"629","EDSON EZEQUIEL","PMDB","RJ"
"630","EDSON PIMENTA","PSD","BA"
"631","EDSON SANTOS","PT","RJ"
"632","EDSON SILVA","PROS","CE"
"633","EDUARDO GOMES","SD","TO"
"634","EDUARDO SCIARRA","PSD","PR"
"635","ELEUSES PAIVA","PSD","SP"
"636","ELIENE LIMA","PSD","MT"
"637","ELISEU PADILHA","PMDB","RS"
"638","EMANUEL FERNANDES","PSDB","SP"
"639","EMILIANO JOSE","PT","BA"
"640","ENIO BACCI","PDT","RS"
"641","EUDES XAVIER","PT","CE"
"642","EURICO JUNIOR","PV","RJ"
"643","EVANDRO MILHOMEN","PCdoB","AP"
"644","FABIO SOUTO","DEM","BA"
"645","FABIO TRAD","PMDB","MS"
"646","FABRICIO OLIVEIRA","PSB","SC"
"647","FATIMA PELAES","PMDB","AP"
"648","FERNANDO FERRO","PT","PE"
"649","FERNANDO MARRONI","PT","RS"
"650","FERNANDO ZACHIA","PMDB","RS"
"651","FILIPE PEREIRA","PSC","RJ"
"652","FRANCISCO CHAGAS","PT","SP"
"653","FRANCISCO PRACIANO","PT","AM"
"654","FRANCISCO TENORIO","PMN","AL"
"655","GABRIEL CHALITA","PMDB","SP"
"656","GASTAO VIEIRA","PMDB","MA"
"657","GERALDO SIMOES","PT","BA"
"658","GERALDO THADEU","PSD","MG"
"659","GILBERTO COUTINHO","PT","AL"
"660","GIOVANI FELTES","PMDB","RS"
"661","GIOVANNI QUEIROZ","PDT","PA"
"662","GIROTO","PR","MS"
"663","GLADSON CAMELI","PP","AC"
"664","GUILHERME CAMPOS","PSD","SP"
"665","GUSTAVO PETTA","PCdoB","SP"
"666","HELCIO SILVA","PT","SP"
"667","HELIO SANTOS","PSDB","MA"
"668","HENRIQUE AFONSO","PV","AC"
"669","HENRIQUE EDUARDO ALVES","PMDB","RN"
"670","HENRIQUE OLIVEIRA","SD","AM"
"671","HUGO NAPOLEAO","PSD","PI"
"672","HUMBERTO MICHILES","PR","AM"
"673","IARA BERNARDI","PT","SP"
"674","INOCENCIO OLIVEIRA","PR","PE"
"675","IRINY LOPES","PT","ES"
"676","IRIS DE ARAUJO","PMDB","GO"
"677","JAIRO ATAIDE","DEM","MG"
"678","JANETE ROCHA PIETA","PT","SP"
"679","JANIO NATAL","PRP","BA"
"680","JAQUELINE RORIZ","PMN","DF"
"681","JESUS RODRIGUES","PT","PI"
"682","JOAO ANANIAS","PCdoB","CE"
"683","JOAO BITTAR","DEM","MG"
"684","JOAO CALDAS","SD","AL"
"685","JOAO DADO","SD","SP"
"686","JOAO LYRA","PSD","AL"
"687","JOAO MAGALHAES","PMDB","MG"
"688","JOAO MAIA","PR","RN"
"689","JOAO PAULO LIMA","PT","PE"
"690","JOAO PIZZOLATTI","PP","SC"
"691","JORGE BITTAR","PT","RJ"
"692","JOSE ANIBAL","PSDB","SP"
"693","JOSE AUGUSTO MAIA","PROS","PE"
"694","JOSE CHAVES","PTB","PE"
"695","JOSE HUMBERTO","PSD","MG"
"696","JOSE LINHARES","PP","CE"
"697","JOSEPH BANDEIRA","PSB","BA"
"698","JULIAO AMIN","PDT","MA"
"699","JULIO CAMPOS","DEM","MT"
"700","JUNIOR COIMBRA","PMDB","TO"
"701","JUNJI ABE","PSD","SP"
"702","LAEL VARELLA","DEM","MG"
"703","LAURIETE","PSC","ES"
"704","LEANDRO VILELA","PMDB","GO"
"705","LEO OLIVEIRA","PMDB","SP"
"706","LILIAM SA","PROS","RJ"
"707","LIRA MAIA","DEM","PA"
"708","LOURIVAL MENDES","PTdoB","MA"
"709","LUCI CHOINACKI","PT","SC"
"710","LUCIANO CASTRO","PR","RR"
"711","LUCIANO PIZZATTO","DEM","PR"
"712","LUIZ ALBERTO","PT","BA"
"713","LUIZ ARGOLO","SD","BA"
"714","LUIZ CARLOS","PSDB","AP"
"715","LUIZ DE DEUS","DEM","BA"
"716","LUIZ FERNANDO MACHADO","PSDB","SP"
"717","LUIZ OTAVIO","PMDB","PA"
"718","LUIZ PITIMAN","PSDB","DF"
"719","MAGELA","PT","DF"
"720","MAJOR FABIO","PROS","PB"
"721","MANOEL ANTUNES","PDT","SP"
"722","MANOEL SALVIANO","PSD","CE"
"723","MANUEL ROSA NECA","PR","RJ"
"724","MANUELA D'AVILA","PCdoB","RS"
"725","MARÇAL FILHO","PMDB","MS"
"726","MARCELINHO CARIOCA","PSB","SP"
"727","MARCELO ALMEIDA","PMDB","PR"
"728","MARCIO BITTAR","PSDB","AC"
"729","MARCIO FRANÇA","PSB","SP"
"730","MARCIO JUNQUEIRA","PROS","RR"
"731","MARCIO MACEDO","PT","SE"
"732","MARCIO MONTEIRO","PSDB","MS"
"733","MARCOS LIMA","PMDB","MG"
"734","MARCOS MEDRADO","SD","BA"
"735","MARIA LUCIA PRANDI","PT","SP"
"736","MARIO FEITOZA","PMDB","CE"
"737","MARLLOS SAMPAIO","PMDB","PI"
"738","MASSAMI MIKI","PSL","AM"
"739","MAURICIO ALMEIDA","PSB","MA"
"740","MAURICIO TRINDADE","PROS","BA"
"741","MENDONÇA PRADO","DEM","SE"
"742","MIRIQUINHO BATISTA","PT","PA"
"743","MOREIRA MENDES","PSD","RO"
"744","NARCIO RODRIGUES","PSDB","MG"
"745","NELSON NAHIM","PSD","RJ"
"746","NEWTON CARDOSO","PMDB","MG"
"747","NEWTON LIMA","PT","SP"
"748","NICE LOBAO","PSD","MA"
"749","NILDA GONDIM","PMDB","PB"
"750","ODILIO BALBINOTTI","PMDB","PR"
"751","OLIVEIRA FILHO","PRB","PR"
"752","ONOFRE SANTO AGOSTINI","PSD","SC"
"753","OSMAR BERTOLDI","DEM","PR"
"754","OSMAR JUNIOR","PCdoB","PI"
"755","OSVALDO COELHO","DEM","PE"
"756","OSVALDO REIS","PMDB","TO"
"757","OTONIEL LIMA","PRB","SP"
"758","OZIEL OLIVEIRA","PDT","BA"
"759","PADRE TON","PT","RO"
"760","PAULO BORNHAUSEN","PSB","SC"
"761","PAULO RUBEM SANTIAGO","PDT","PE"
"762","PEDRO EUGENIO","PT","PE"
"763","PEDRO NOVAIS","PMDB","MA"
"764","PENNA","PV","SP"
"765","PERPETUA ALMEIDA","PCdoB","AC"
"766","PINTO DE LUNA","PT","AL"
"767","PINTO ITAMARATY","PSDB","MA"
"768","POLICARPO","PT","DF"
"769","PROFESSOR SETIMO","PMDB","MA"
"770","RATINHO JUNIOR","PSC","PR"
"771","RAUL LIMA","PP","RR"
"772","REBECCA GARCIA","PP","AM"
"773","REGUFFE","PDT","DF"
"774","RENAN FILHO","PMDB","AL"
"775","RENATO SIMOES","PT","SP"
"776","ROBERTO DORNER","PSD","MT"
"777","ROBERTO SANTIAGO","PSD","SP"
"778","RODRIGO BETHLEM","PMDB","RJ"
"779","ROGERIO CARVALHO","PT","SE"
"780","ROMARIO","PSB","RJ"
"781","RONALDO CAIADO","DEM","GO"
"782","RONALDO ZULKE","PT","RS"
"783","ROSANE FERREIRA","PV","PR"
"784","ROSE DE FREITAS","PMDB","ES"
"785","ROSY DE SOUSA","PV","RN"
"786","RUI COSTA","PT","BA"
"787","RUY CARNEIRO","PSDB","PB"
"788","SABINO CASTELO BRANCO","PTB","AM"
"789","SALVADOR ZIMBALDI","PROS","SP"
"790","SANDRA ROSADO","PSB","RN"
"791","SANDRO MABEL","PMDB","GO"
"792","SEBASTIAO BALA ROCHA","SD","AP"
"793","SERGIO BARRADAS CARNEIRO","PT","BA"
"794","SIMPLICIO ARAUJO","SD","MA"
"795","STEPAN NERCESSIAN","PPS","RJ"
"796","SUELI VIDIGAL","PDT","ES"
"797","TAUMATURGO LIMA","PT","AC"
"798","TELMA PINHEIRO","PSDB","MA"
"799","URZENI ROCHA","PSD","RR"
"800","VANDERLEI SIRAQUE","PT","SP"
"801","VAZ DE LIMA","PSDB","SP"
"802","VIEIRA DA CUNHA","PDT","RS"
"803","VILALBA","PP","PE"
"804","VILMAR ROCHA","PSD","GO"
"805","VILSON COVATTI","PP","RS"
"806","VITOR PAULO","PRB","RJ"
"807","VITOR PENIDO","DEM","MG"
"808","WALTER IHOSHI","PSD","SP"
"809","WALTER TOSTA","PSD","MG"
"810","WANDENKOLK GONÇALVES","PSDB","PA"
"811","WELLINGTON FAGUNDES","PR","MT"
"812","WELLINGTON SALGADO","PMDB","MG"
"813","WILLIAM DIB","PSDB","SP"
"814","ZE CARLOS DA PESCA","PP","BA"
"815","ZE VIEIRA","PROS","MA"
"816","ZOINHO","PR","RJ"
