"","NOME","PARTIDO","UF","MINISTERIO_DA_AGRICULTURA_PECUARIA_E_ABASTECIMENTO","MINISTERIO_DA_SAUDE","MINISTERIO_DAS_CIDADES","MINISTERIO_DO_DESENV_SOCIAL_E_COMBATE_A_FOME","MINISTERIO_DO_ESPORTE","MINISTERIO_DO_TURISMO"
"1","ADALBERTO CAVALCANTI","PTB","PE",0,0,0,0,1179750,987000
"2","ADELSON BARRETO","PR","SE",0,350000,0,0,0,0
"3","ADEMIR CAMILO","PTN","MG",0,0,3023268.17,130000,0,243750
"4","ADILTON SACHETTI","PSB","MT",0,2e+05,1379000,0,243750,0
"5","AELTON FREITAS","PR","MG",1005372,2549925,2258501.74,0,633750,163361
"6","AFONSO FLORENCE","PT","BA",0,0,3270002.48,0,0,0
"7","AFONSO HAMM","PP","RS",2296602.75,2024979.92,1510704,350000,499200,998400
"8","AFONSO MOTTA","PDT","RS",487500,1e+05,2459900,0,682500,0
"9","AGUINALDO RIBEIRO","PP","PB",243750,0,5500443.31,0,653250,585000
"10","ALAN RICK","PRB","AC",0,0,0,0,880125,0
"11","ALBERTO FILHO","PMDB","MA",682500,3912388,2906529.01,0,0,877500
"12","ALCEU MOREIRA","PMDB","RS",1682140.2,2960340,245850,443750,1435312.12,1316250
"13","ALEX CANZIANI","PTB","PR",678453.75,1e+05,0,322115,1755000,1002272.7
"14","ALEX MANENTE","PPS","SP",0,0,0,0,0,2405000
"15","ALEXANDRE BALDY","PTN","GO",1199250,0,2212650,0,0,119880
"16","ALEXANDRE LEITE","DEM","SP",0,1799938.95,3460100,0,460313.1,0
"17","ALEXANDRE SERFIOTIS","PMDB","RJ",0,6200000,0,0,1023750,0
"18","ALFREDO KAEFER","PSL","PR",1121250,3384708.98,3843100,0,487500,0
"19","ALFREDO NASCIMENTO","PR","AM",0,1750000,0,0,0,0
"20","ALICE PORTUGAL","PCdoB","BA",0,5e+06,404930,0,2233800,390237.9
"21","ALIEL MACHADO","REDE","PR",658125,0,0,0,1365000,0
"22","ALTINEU CORTES","PMDB","RJ",0,0,3557189,0,0,0
"23","ANA PERUGINI","PT","SP",0,0,541150,0,0,0
"24","ANDRE DE PAULA","PSD","PE",0,0,3778671.73,0,0,0
"25","ANDRE FIGUEIREDO","PDT","CE",0,0,1234834.46,0,926250,0
"26","ANDRE FUFUCA","PP","MA",0,0,0,0,0,654789.65
"27","ANDRE MOURA","PSC","SE",1188525,0,2168800,0,243750,360750
"28","ANDRES SANCHEZ","PT","SP",0,550000,0,0,780000,0
"29","ANGELIM","PT","AC",0,0,0,0,646776.98,0
"30","ANIBAL GOMES","PMDB","CE",0,0,1837046.59,0,0,2244525.08
"31","ANTONIO BRITO","PSD","BA",0,190262,2277150.74,0,974238.52,1072500
"32","ANTONIO BULHOES","PRB","SP",0,2040564,3603633.42,0,0,1950000
"33","ANTONIO CARLOS MENDES THAME","PV","SP",0,6196828,0,0,0,0
"34","ANTONIO IMBASSAHY","PSDB","BA",0,3e+05,2150253,0,0,0
"35","ANTONIO JACOME","PTN","RN",0,0,1131750,0,731250,243750
"36","ARIOSTO HOLANDA","PDT","CE",0,0,0,0,243750,0
"37","ARLINDO CHINAGLIA","PT","SP",438750,7e+05,2318626.33,0,0,2192988.53
"38","ARNALDO FARIA DE SA","PTB","SP",0,7090668.9,2290613.07,0,2028975,243750
"39","ARNALDO JARDIM","PPS","SP",438750,1699996.24,994690,0,2574000,253500
"40","ARNALDO JORDY","PPS","PA",723296.93,0,542550,0,0,682500
"41","ARNON BEZERRA","PTB","CE",0,3650300,0,0,0,1222116
"42","AROLDE DE OLIVEIRA","PSC","RJ",0,0,0,0,0,3880500
"43","ARTHUR LIRA","PP","AL",0,849999.2,0,0,0,487500
"44","ARTHUR OLIVEIRA MAIA","PPS","BA",0,2699985.18,245850,0,487500,0
"45","ASSIS CARVALHO","PT","PI",0,0,1481856,0,0,0
"46","ASSIS DO COUTO","PDT","PR",1696500,3912241.11,1746908,0,487500,0
"47","ATILA LINS","PSD","AM",0,0,0,0,948075.38,0
"48","ATILA LIRA","PSB","PI",0,5e+05,3877699.46,0,0,0
"49","AUGUSTO COUTINHO","SD","PE",0,2e+05,5148969.1,0,1215000,0
"50","AUREO","SD","RJ",0,0,922326,0,619880.62,0
"51","BALEIA ROSSI","PMDB","SP",0,0,737550,243750,243750,0
"52","BEBETO","PSB","BA",0,2e+05,0,0,1121250,0
"53","BENEDITA DA SILVA","PT","RJ",0,0,0,0,2597300,0
"54","BENITO GAMA","PTB","BA",250000,350000,2151820,0,292500,780000
"55","BENJAMIN MARANHAO","SD","PB",390000,380648.26,1377600,0,1595887,243750
"56","BETINHO GOMES","PSDB","PE",0,0,1417815,0,0,0
"57","BETO FARO","PT","PA",0,2e+06,0,0,975000,0
"58","BETO MANSUR","PRB","SP",146250,0,3853860.74,0,0,0
"59","BETO ROSADO","PP","RN",0,0,2149020,0,0,0
"60","BETO SALAME","PP","PA",0,0,1826288.25,0,0,0
"61","BILAC PINTO","PR","MG",243750,1733225,2833951.95,0,243750,0
"62","BOHN GASS","PT","RS",731250,3256942,2289571.74,282750,1218750,243750
"63","BONIFACIO DE ANDRADA","PSDB","MG",0,0,2366600,0,0,0
"64","BRUNA FURLAN","PSDB","SP",0,5e+05,2243979.4,0,243750,0
"65","BRUNNY","PR","MG",0,150000,0,0,2130000,0
"66","BRUNO ARAUJO","PSDB","PE",609500,0,1094481.09,0,195000,1250828.48
"67","BRUNO COVAS","PSDB","SP",0,0,245850,0,0,0
"68","CABO DACIOLO","PTdoB","RJ",0,6200000,0,0,0,0
"69","CABO SABINO","PR","CE",0,0,493100,0,0,0
"70","CACA LEAO","PP","BA",0,0,551040,0,0,0
"71","CAETANO","PT","BA",0,0,0,0,487500,0
"72","CAPITAO AUGUSTO","PR","SP",0,1e+05,245850,0,450000,0
"73","CARLOS EDUARDO CADOCA","PDT","PE",0,508254.55,4080456.04,0,1215000,0
"74","CARLOS GOMES","PRB","RS",438750,0,0,0,4046250,975000
"75","CARLOS MANATO","SD","ES",0,635173,0,643966,3033569.17,487500
"76","CARLOS MELLES","DEM","MG",458250,2504354.91,2513125.15,0,926250,243750
"77","CARLOS SAMPAIO","PSDB","SP",0,1599992.36,2220416.48,0,1413750,0
"78","CARLOS ZARATTINI","PT","SP",243750,4e+05,2090372.72,0,1384500,0
"79","CARMEN ZANOTTO","PPS","SC",97500,0,0,0,0,2e+05
"80","CELIO SILVEIRA","PSDB","GO",0,0,493100,0,243750,0
"81","CELSO MALDANER","PMDB","SC",1239437.55,3062208.24,1848722.72,0,975000,828750
"82","CELSO RUSSOMANNO","PRB","SP",0,1500000,0,0,0,0
"83","CESAR HALUM","PRB","TO",0,2249993.4,3252394.46,0,487500,0
"84","CESAR SOUZA","PSD","SC",243750,0,0,0,0,0
"85","CHICO D'ANGELO","PT","RJ",0,0,1482100,0,0,0
"86","CHICO LOPES","PCdoB","CE",0,474589,2366600,5e+05,682500,0
"87","CHRISTIANE DE SOUZA YARED","PR","PR",1023750,0,0,0,0,0
"88","CICERO ALMEIDA","PMDB","AL",0,2661097,0,0,0,0
"89","CLAUDIO CAJADO","DEM","BA",0,1255334.91,1221071.11,0,1501846.12,706875
"90","CLEBER VERDE","PRB","MA",0,0,0,0,975000,1151030.4
"91","COVATTI FILHO","PP","RS",390000,1e+05,737550,0,1462500,1706250
"92","DAMIAO FELICIANO","PDT","PB",390000,1199300,1479300,0,2769265.2,0
"93","DAMINA PEREIRA","PSL","MG",292500,0,0,0,1706250,487500
"94","DANIEL ALMEIDA","PCdoB","BA",0,3044993.85,1475100,0,731250,0
"95","DANIEL COELHO","PSDB","PE",0,0,1530777.59,0,0,0
"96","DANIEL VILELA","PMDB","GO",975000,0,295300,0,305550.38,1307438.15
"97","DANILO CABRAL","PSB","PE",2632500,0,1197651.73,0,0,0
"98","DANILO FORTE","PSB","CE",886414,1399990,1797871.74,0,0,243750
"99","DANRLEI DE DEUS HINTERHOLZ","PSD","RS",0,4514731,4920163.81,0,1667822.32,0
"100","DARCISIO PERONDI","PMDB","RS",2467323.3,3580762,1623450,2e+05,1357339.43,975000
"101","DAVIDSON MAGALHAES","PCdoB","BA",0,0,0,0,0,1657500
"102","DECIO LIMA","PT","SC",0,6e+05,3857416.63,350000,0,341250
"103","DELEGADO EDER MAURO","PSD","PA",0,0,987600,0,0,0
"104","DELEGADO EDSON MOREIRA","PR","MG",0,478995,0,0,243750,0
"105","DELEGADO WALDIR","PR","GO",97500,0,640050,0,0,0
"106","DELEY","PTB","RJ",0,6200000,0,585000,1365000,0
"107","DIEGO ANDRADE","PSD","MG",1287000,2339779,1792980,0,994500,0
"108","DIEGO GARCIA","PHS","PR",195000,849920,245850,682500,828750,779238.53
"109","DILCEU SPERAFICO","PP","PR",2330250,158244,1475100,0,614250,0
"110","DIMAS FABIANO","PP","MG",963300,2836443,983400,0,487500,0
"111","DOMINGOS NETO","PSD","CE",1085000,0,0,0,0,0
"112","DOMINGOS SAVIO","PSDB","MG",0,3440390.25,2948014.52,0,255450,0
"113","DR. JORGE SILVA","PHS","ES",1355780.4,3802989.4,679115.5,0,2048819.17,0
"114","DR. SINVAL MALHEIROS","PTN","SP",0,2623000,0,0,0,0
"115","DUARTE NOGUEIRA","PSDB","SP",0,2450000,3495550,0,926250,243750
"116","DULCE MIRANDA","PMDB","TO",292500,0,493100,341250,681738.53,633750
"117","EDINHO ARAUJO","PMDB","SP",146250,2719200,1475100,0,0,981250
"118","EDINHO BEZ","PMDB","SC",792250,1220963,2517834.06,3e+05,314175.22,487500
"119","EDIO LOPES","PR","RR",0,2912797,0,0,0,0
"120","EDMAR ARRUDA","PSD","PR",117000,1550000,2012480.76,1243750,877500,0
"121","EDUARDO BARBOSA","PSDB","MG",487500,0,2787383.61,2057929,858000,0
"122","EDUARDO BOLSONARO","PSC","SP",0,1165000,0,0,195000,0
"123","EDUARDO CUNHA","PMDB","RJ",0,250000,7342744.74,0,0,0
"124","EDUARDO CURY","PSDB","SP",0,1350000,0,0,0,0
"125","EDUARDO DA FONTE","PP","PE",926070,1e+06,711372.72,0,780000,0
"126","EFRAIM FILHO","DEM","PB",0,1049985.4,3488729,0,731250,243750
"127","ELCIONE BARBALHO","PMDB","PA",877500,0,2961400,0,0,1444950
"128","ELI CORREA FILHO","DEM","SP",0,1290000,1931150.45,0,0,0
"129","ELMAR NASCIMENTO","DEM","BA",0,0,0,0,487500,487500
"130","ENIO VERRI","PT","PR",0,750000,1825450,0,731250,0
"131","ERIKA KOKAY","PT","DF",0,0,211012.48,0,0,0
"132","ERIVELTON SANTANA","PEN","BA",0,5e+05,2863900,8e+05,0,0
"133","EROS BIONDINI","PROS","MG",0,5886393.76,4066370,0,0,0
"134","ESPERIDIAO AMIN","PP","SC",1705275,0,1780828.01,3e+05,507000,487500
"135","EVANDRO GUSSI","PV","SP",0,0,0,0,0,731250
"136","EXPEDITO NETTO","PSD","RO",0,450000,0,0,0,0
"137","EZEQUIEL FONSECA","PP","MT",536250,3e+05,787000,0,0,0
"138","FABIANO HORTA","PT","RJ",0,0,0,0,0,877500
"139","FABIO FARIA","PSD","RN",1413750,1737374,5524050.75,0,243750,0
"140","FABIO GARCIA","PSB","MT",0,0,0,0,0,591776.98
"141","FABIO MITIDIERI","PSD","SE",0,0,0,0,0,587700
"142","FABIO RAMALHO","PMDB","MG",0,2329479.31,1968200,0,0,1267500
"143","FABIO REIS","PMDB","SE",1950000,0,876279.01,0,0,243750
"144","FABIO SOUSA","PSDB","GO",0,0,1150233.56,0,320000,0
"145","FATIMA BEZERRA","PT","RN",243750,0,1476500,0,487500,1462500
"146","FAUSTO PINATO","PP","SP",0,1160000,0,0,1002300,470934
"147","FELIPE BORNIER","PROS","RJ",0,0,3559000,0,0,0
"148","FELIPE MAIA","DEM","RN",536250,0,3139006.59,0,0,2145000
"149","FERNANDO COELHO FILHO","PSB","PE",0,1500000,1972400,0,292500,0
"150","FERNANDO FRANCISCHINI","SD","PR",97500,0,738950,0,731250,0
"151","FERNANDO MONTEIRO","PP","PE",0,490510,0,0,0,341250
"152","FERNANDO TORRES","PSD","BA",0,0,2764801.64,0,877500,0
"153","FLAVIA MORAIS","PDT","GO",438750,580537,788400,0,0,3217500
"154","FLAVIANO MELO","PMDB","AC",1389034.72,4067972,0,0,306196.8,0
"155","FLAVINHO","PSB","SP",0,5e+05,0,0,0,0
"156","FLAVIO NOGUEIRA","PDT","PI",430483.95,0,0,0,0,4072575
"157","FLORIANO PESARO","PSDB","SP",0,5e+05,0,0,0,0
"158","FRANCISCO CHAPADINHA","PTN","PA",0,0,0,0,975000,780000
"159","FRANCISCO FLORIANO","DEM","RJ",0,0,4403500.75,0,0,0
"160","GABRIEL GUIMARAES","PT","MG",0,0,983400,0,0,487500
"161","GENECIAS NORONHA","SD","CE",0,0,5608978.43,0,0,0
"162","GEORGE HILTON","PROS","MG",0,5e+05,1281500,0,1408125.22,0
"163","GERALDO RESENDE","PSDB","MS",0,3890269,1640499.51,412300,975000,731250
"164","GIACOBO","PR","PR",238875,5e+05,2219650,0,341250,0
"165","GILBERTO NASCIMENTO","PSC","SP",0,360000,0,0,0,0
"166","GIOVANI CHERINI","S.PART.","RS",1920888.45,2948696.96,2458500,0,1218750,243750
"167","GIUSEPPE VECCI","PSDB","GO",234000,1e+05,1229250,0,243750,243750
"168","GIVALDO CARIMBAO","PHS","AL",0,799992.06,0,0,0,0
"169","GIVALDO VIEIRA","PT","ES",150000,0,0,0,0,0
"170","GLAUBER BRAGA","PSOL","RJ",0,5e+05,0,0,1453015.2,0
"171","GONZAGA PATRIOTA","PSB","PE",585000,3192581.93,925460,630000,1e+05,0
"172","GORETE PEREIRA","PR","CE",390000,1472115,2130229,0,0,1465866
"173","GOULART","PSD","SP",0,0,983400,0,975000,0
"174","GUILHERME MUSSI","PP","SP",97500,1e+05,4837774.46,0,390000,364967
"175","HEITOR SCHUCH","PSB","RS",1823250,1e+05,245850,0,0,0
"176","HELDER SALOMAO","PT","ES",0,0,245850,341250,780000,0
"177","HELIO LEITE","DEM","PA",0,0,0,682500,0,606173.1
"178","HENRIQUE FONTANA","PT","RS",0,1056052,983400,0,2925000,1560000
"179","HERCULANO PASSOS","PSD","SP",0,0,2468300,0,1462500,0
"180","HERMES PARCIANELLO","PMDB","PR",146250,2545136,2599063.03,0,0,731250
"181","HEULER CRUVINEL","PSD","GO",243750,274529.73,2079720.77,0,0,1184625
"182","HILDO ROCHA","PMDB","MA",0,0,0,0,390000,390000
"183","HISSA ABRAHAO","PDT","AM",0,0,0,0,0,4506875.1
"184","HUGO LEAL","PSB","RJ",0,6e+05,0,5e+05,1228500,0
"185","HUGO MOTTA","PMDB","PB",1950000,1450000,4321337.59,0,1072500,487500
"186","INDIO DA COSTA","PSD","RJ",0,6200000,0,0,0,0
"187","IRACEMA PORTELLA","PP","PI",497250,0,1475100,0,731250,0
"188","IRAJA ABREU","PSD","TO",2568119.14,290361,4671150,0,0,0
"189","IRMAO LAZARO","PSC","BA",0,0,640050,0,945750,243750
"190","IVAN VALENTE","PSOL","SP",0,1500000,0,0,0,0
"191","JAIME MARTINS","PSD","MG",577766.09,4084155.06,2648029,0,536250,243750
"192","JANDIRA FEGHALI","PCdoB","RJ",0,2199933,0,590000,0,0
"193","JARBAS VASCONCELOS","PMDB","PE",0,1146570,1776000,0,0,2827786.65
"194","JEAN WYLLYS","PSOL","RJ",0,3e+05,0,0,0,0
"195","JEFFERSON CAMPOS","PSD","SP",0,5050000,4264947.91,0,0,0
"196","JERONIMO GOERGEN","PP","RS",536250,1500000,3657546.79,0,487500,1462500
"197","JHC","PSB","AL",0,0,0,0,872625,0
"198","JO MORAES","PCdoB","MG",0,2049933.56,0,4e+05,536250,0
"199","JOAO ARRUDA","PMDB","PR",1163589.38,1100000,2212650,3e+05,487500,1218750
"200","JOAO CAMPOS","PRB","GO",0,1499269.98,196400,292500,0,0
"201","JOAO CARLOS BACELAR","PR","BA",0,3992490.8,1440699.75,0,0,0
"202","JOAO DERLY","REDE","RS",0,0,491700,0,3071250,243750
"203","JOAO FERNANDO COUTINHO","PSB","PE",0,0,938150,0,341250,0
"204","JOAO GUALBERTO","PSDB","BA",0,442142,0,0,0,0
"205","JOAO RODRIGUES","PSD","SC",0,305000,3991450,0,0,0
"206","JOAQUIM PASSARINHO","PSD","PA",975000,0,0,341250,0,0
"207","JORGE BOEIRA","PP","SC",390000,705550,1963910,2e+05,0,0
"208","JORGE CORTE REAL","PTB","PE",0,1312385,808867.78,0,0,3300000
"209","JORGE SOLLA","PT","BA",0,2e+05,0,0,0,0
"210","JORGE TADEU MUDALEN","DEM","SP",0,3071975,2289503.96,165000,0,0
"211","JORGINHO MELLO","PR","SC",292500,764598.18,1328150,750000,0,333450
"212","JOSE AIRTON CIRILO","PT","CE",0,0,1677100,0,1316250,0
"213","JOSE CARLOS ALELUIA","DEM","BA",0,2e+06,0,0,438750,292500
"214","JOSE CARLOS ARAUJO","PR","BA",633750,269998.12,2420865.72,0,1335750,244091.25
"215","JOSE GUIMARAES","PT","CE",0,458272,0,0,1950000,2074815.6
"216","JOSE MENTOR","PT","SP",97500,1295999.96,2269100,0,975000,487500
"217","JOSE NUNES","PSD","BA",292500,1370012.06,1694707.59,0,390000,585000
"218","JOSE OTAVIO GERMANO","PP","RS",0,0,2858300,0,2193750,1046930.63
"219","JOSE PRIANTE","PMDB","PA",1647750,406580,0,0,0,0
"220","JOSE ROCHA","PR","BA",0,1447653.72,2174490.99,0,243750,1267500
"221","JOSE STEDILE","PSB","RS",1267500,250000,3164450.74,0,877500,0
"222","JOSI NUNES","PMDB","TO",292500,0,3455900,0,585000,780000
"223","JOSIAS GOMES","PT","BA",633750,492800,0,0,0,0
"224","JOSUE BENGTSON","PTB","PA",0,1799980.61,2962800,0,0,0
"225","JOVAIR ARANTES","PTB","GO",803804.63,1524032.2,4030673.32,0,0,1648551.95
"226","JULIA MARINHO","PSC","PA",975000,0,541777.59,0,0,243750
"227","JULIO CESAR","PSD","PI",0,0,2420258.48,0,1133242.5,518812.13
"228","JULIO DELGADO","PSB","MG",390000,1709920,2361269,0,731250,0
"229","JULIO LOPES","PP","RJ",390000,2187900,4326328.65,0,0,0
"230","JUNIOR MARRECA","PEN","MA",0,0,0,0,292500,0
"231","JUSCELINO FILHO","DEM","MA",682500,0,0,0,390000,0
"232","JUTAHY JUNIOR","PSDB","BA",0,1890270,3160600,0,0,314062.13
"233","KEIKO OTA","PSB","SP",0,7871215.52,983400,0,291738.52,0
"234","LAERCIO OLIVEIRA","SD","SE",0,0,2764756,0,0,243750
"235","LAUDIVIO CARVALHO","SD","MG",0,0,0,0,97500,0
"236","LAZARO BOTELHO","PP","TO",0,2899993.4,4006414.7,0,0,440359
"237","LEANDRE","PV","PR",0,0,1086500,0,975000,0
"238","LELO COIMBRA","PMDB","ES",1248265.2,1184000,245850,150000,1270000,1058250
"239","LEO DE BRITO","PT","AC",0,0,0,0,243750,0
"240","LEONARDO MONTEIRO","PT","MG",0,1547139.7,2150404.45,0,731250,0
"241","LEONARDO PICCIANI","PMDB","RJ",0,999996,245850,0,1974322.35,1803750
"242","LEONARDO QUINTAO","PMDB","MG",0,3373770,3448545.69,0,1085000,487500
"243","LEONIDAS CRISTINO","PDT","CE",0,3e+05,0,0,0,1072500
"244","LEOPOLDO MEYER","PSB","PR",507000,1300438,1576800,410000,624000,487500
"245","LINCOLN PORTELA","PRB","MG",0,1100000,2838520,0,828750,389610
"246","LOBBE NETO","PSDB","SP",0,0,0,0,682500,0
"247","LUCAS VERGILIO","SD","GO",0,0,491700,0,926250,877500
"248","LUCIANA SANTOS","PCdoB","PE",0,568905,2833819,0,0,0
"249","LUCIANO DUCCI","PSB","PR",0,0,790378,0,243750,0
"250","LUCIO VIEIRA LIMA","PMDB","BA",390000,1650000,4006666.75,0,0,926250
"251","LUIS CARLOS HEINZE","PP","RS",1072566.3,3010000,3800300.74,380250,2047500,0
"252","LUIS TIBE","PTdoB","MG",110889,2418401,1519129,0,731250,390000
"253","LUIZ CARLOS BUSATO","PTB","RS",3435276,3040000,1229250,243750,975000,975000
"254","LUIZ CARLOS HAULY","PSDB","PR",146250,4199234,491700,2e+05,3812250,0
"255","LUIZ COUTO","PT","PB",0,0,3662215,0,243750,0
"256","LUIZ FERNANDO FARIA","PP","MG",750354,199920,2016250,0,975000,487500
"257","LUIZ NISHIMORI","PR","PR",2271750,2850000,1592018.17,0,97500,243750
"258","LUIZ SERGIO","PT","RJ",487500,4e+05,1470810,0,390000,0
"259","LUIZA ERUNDINA","PSOL","SP",0,2499997.4,0,0,0,0
"260","MACEDO","PP","CE",0,0,493100,0,0,0
"261","MAGDA MOFATTO","PR","GO",0,499997.75,5178637.7,0,0,602391
"262","MANDETTA","DEM","MS",0,8874908.25,3860949.76,0,0,0
"263","MANOEL JUNIOR","PMDB","PB",0,1755634.76,4462224.04,0,0,0
"264","MARA GABRILLI","PSDB","SP",0,4574775,1723750,0,0,0
"265","MARCELO AGUIAR","DEM","SP",0,829000,2859033.55,0,0,0
"266","MARCELO ALVARO ANTONIO","PR","MG",0,199558,0,0,877500,1e+05
"267","MARCELO ARO","PHS","MG",195000,1350000,0,0,828750,0
"268","MARCELO BELINATI","PP","PR",0,6e+05,0,351000,0,0
"269","MARCELO CASTRO","PMDB","PI",2352675,0,1441140,0,0,0
"270","MARCELO MATOS","PHS","RJ",0,0,1346061.07,0,0,0
"271","MARCELO SQUASSONI","PRB","SP",0,0,0,0,731250,975000
"272","MARCIO ALVINO","PR","SP",0,250000,0,0,390000,0
"273","MARCIO MARINHO","PRB","BA",0,3382461.05,1764710,0,253500,0
"274","MARCO ANTONIO CABRAL","PMDB","RJ",0,0,0,0,2340000,0
"275","MARCO MAIA","PT","RS",1868100,1431105.5,3059783.74,438750,487500,243750
"276","MARCO TEBALDI","PSDB","SC",1356000,1300000,3002592.55,0,487500,0
"277","MARCON","PT","RS",487500,1490237,2459900,0,1462500,731250
"278","MARCOS ABRAO","PPS","GO",585000,3e+05,338184.03,0,0,904801.95
"279","MARCOS MONTES","PSD","MG",1062750,1296957.88,2364069,0,867750,0
"280","MARCOS ROGERIO","DEM","RO",0,299999,0,0,0,0
"281","MARCOS SOARES","DEM","RJ",0,0,788400,0,0,0
"282","MARCUS PESTANA","PSDB","MG",390000,2877000,3459498.35,292500,243750,0
"283","MARCUS VICENTE","PP","ES",0,0,0,0,243750,0
"284","MARGARIDA SALOMAO","PT","MG",409500,1934927.56,245850,0,1142531.47,0
"285","MARIA DO ROSARIO","PT","RS",0,749984.62,1032850,0,0,487500
"286","MARINALDO ROSENDO","PSB","PE",0,1e+05,295300,0,0,0
"287","MARINHA RAUPP","PMDB","RO",954789.22,1214107.26,0,0,341250,0
"288","MARIO HERINGER","PDT","MG",0,0,0,0,490000,487500
"289","MARQUINHO MENDES","PMDB","RJ",0,0,0,0,0,1950000
"290","MAURICIO QUINTELLA LESSA","PR","AL",584300,4912722.2,1158514.46,0,0,0
"291","MAURO BENEVIDES","PMDB","CE",0,0,2419897.77,0,0,0
"292","MAURO LOPES","PMDB","MG",2010827.33,296030,2312950,0,536250,0
"293","MAURO MARIANI","PMDB","SC",947812.13,2e+06,3189229,0,0,243750
"294","MAURO PEREIRA","PMDB","RS",738075,302000,2336615.22,0,682500,0
"295","MAX FILHO","PSDB","ES",0,0,423870,0,0,355875
"296","MIGUEL CORREA","PT","MG",0,0,2350158.02,0,243750,0
"297","MIGUEL HADDAD","PSDB","SP",0,0,1573610.04,0,0,0
"298","MIGUEL LOMBARDI","PR","SP",0,0,0,0,497250,0
"299","MILTON MONTI","PR","SP",0,3072000,3595037,0,1024505.62,0
"300","MIRO TEIXEIRA","REDE","RJ",0,2001955,0,5e+05,0,0
"301","MISAEL VARELLA","DEM","MG",0,1e+05,0,0,0,0
"302","MISSIONARIO JOSE OLIMPIO","DEM","SP",0,3801500,5829127.77,0,243750,0
"303","MOSES RODRIGUES","PMDB","CE",0,8e+05,0,0,1462500,438750
"304","NELSON MARCHEZAN JUNIOR","PSDB","RS",2562830.4,850000,2461300,0,1462500,0
"305","NELSON MARQUEZELLI","PTB","SP",838500,1699999.9,1531024.7,0,0,975000
"306","NELSON MEURER","PP","PR",411801.97,947620.58,2216850,793750,828750,243750
"307","NELSON PELLEGRINO","PT","BA",0,1499991.82,1381800,0,0,1355780
"308","NEWTON CARDOSO JR","PMDB","MG",243750,0,887300,0,0,0
"309","NILMARIO MIRANDA","PT","MG",0,0,425946.9,0,0,0
"310","NILSON LEITAO","PSDB","MT",487500,250000,2024352,0,0,2151703.13
"311","NILSON PINTO","PSDB","PA",185515.2,0,7337671.74,0,0,0
"312","NILTO TATTO","PT","SP",0,630000,493100,0,1706250,0
"313","ODAIR CUNHA","PT","MG",0,0,3838601.88,0,0,0
"314","ONYX LORENZONI","DEM","RS",2388750,4214731,737550,250000,0,0
"315","ORLANDO SILVA","PCdoB","SP",0,0,0,0,253500,0
"316","OSMAR SERRAGLIO","PMDB","PR",97500,3210318,5733390.04,0,0,0
"317","OSMAR TERRA","PMDB","RS",1657500,2664331,1475100,585000,1621246.58,1462500
"318","OTAVIO LEITE","PSDB","RJ",0,1649323.08,0,943750,0,487500
"319","PADRE JOAO","PT","MG",926250,2369880,245850,0,828750,0
"320","PAES LANDIM","PTB","PI",0,1790272,2762200,0,0,0
"321","PASTOR EURICO","PHS","PE",0,1335000,2221050,0,0,0
"322","PAUDERNEY AVELINO","DEM","AM",231075,2200000,0,0,0,0
"323","PAULAO","PT","AL",0,1e+06,2465500,0,0,0
"324","PAULO ABI-ACKEL","PSDB","MG",0,0,4005190.6,0,0,0
"325","PAULO AZI","DEM","BA",0,0,245850,0,487500,0
"326","PAULO FEIJO","PR","RJ",780000,1049976.2,1778800,0,459450.23,0
"327","PAULO FOLETTO","PSB","ES",2673270,2799999.6,887799.45,0,0,0
"328","PAULO FREIRE","PR","SP",0,4481928,3293460,0,725400,487500
"329","PAULO MAGALHAES","PSD","BA",0,4e+05,4443150.74,0,0,0
"330","PAULO MALUF","PP","SP",0,4268072.4,1899508.01,0,243750,0
"331","PAULO PEREIRA DA SILVA","SD","SP",292500,1950980,2414650,0,731515.2,721500
"332","PAULO PIMENTA","PT","RS",751937.55,9e+05,3444700,250000,2193750,731250
"333","PAULO TEIXEIRA","PT","SP",0,0,1229250,243750,1278396.6,0
"334","PEDRO CHAVES","PMDB","GO",3190551.98,999421.74,0,0,243750,243750
"335","PEDRO CUNHA LIMA","PSDB","PB",0,0,1950643,0,585000,0
"336","PEDRO FERNANDES","PTB","MA",0,1e+06,2796236.44,0,456537.9,243750
"337","PEDRO UCZAI","PT","SC",0,2e+06,1229250,450000,0,996562.13
"338","PEDRO VILELA","PSDB","AL",0,410000,0,0,0,0
"339","PEPE VARGAS","PT","RS",0,6e+05,1722350,0,731250,1755000
"340","POMPEO DE MATTOS","PDT","RS",0,350000,1476500,0,97500,828750
"341","PR. MARCO FELICIANO","PSC","SP",0,1680000,3458066.48,0,0,0
"342","PROFESSOR VICTORIO GALLI","PSC","MT",0,0,1289412,0,0,0
"343","PROFESSORA DORINHA SEABRA REZENDE","DEM","TO",0,0,5345851.73,243750,0,536250
"344","RAFAEL MOTTA","PSB","RN",536250,0,2457344,0,0,0
"345","RAIMUNDO GOMES DE MATOS","PSDB","CE",2e+05,0,3573871.74,682500,0,438750
"346","RAQUEL MUNIZ","PSD","MG",0,0,0,0,487500,0
"347","REGINALDO LOPES","PT","MG",0,1747360,2568959,0,0,0
"348","REINHOLD STEPHANES","PSD","PR",0,0,2021850,0,0,292500
"349","RENATA ABREU","PTN","SP",0,1e+05,0,0,6e+05,670934
"350","RENATO MOLLING","PP","RS",840000,2849780,4589050,0,487500,2677077.33
"351","RENZO BRAZ","PP","MG",889577.33,3832260,2804650,0,0,487500
"352","RICARDO BARROS","PP","PR",243750,949996,0,0,0,0
"353","RICARDO IZAR","PP","SP",0,1029120,2955800,1e+05,497250,0
"354","RICARDO TEOBALDO","PTN","PE",0,0,1480700,0,1500000,1255000
"355","RICARDO TRIPOLI","PSDB","SP",0,948435,493100,0,0,0
"356","ROBERTO ALVES","PRB","SP",0,5e+05,987600,0,487500,0
"357","ROBERTO BALESTRA","PP","GO",2632500,3e+05,3496082.15,0,0,0
"358","ROBERTO BRITTO","PP","BA",0,99999.72,3060158,0,243750,292500
"359","ROBERTO DE LUCENA","PV","SP",0,0,2071300,0,0,587000
"360","ROBERTO FREIRE","PPS","SP",0,1477044,0,0,0,0
"361","ROBERTO SALES","PRB","RJ",0,4e+05,0,0,1049950,0
"362","RODRIGO DE CASTRO","PSDB","MG",360750,1498860,1720950,0,0,487500
"363","RODRIGO GARCIA","DEM","SP",0,935000,0,1246100,0,1404268.13
"364","RODRIGO PACHECO","PMDB","MG",195000,1450000,0,0,487500,0
"365","ROMULO GOUVEIA","PSD","PB",0,0,1479300,0,0,0
"366","RONALDO BENEDET","PMDB","SC",1040208,2485544,2565800,0,243750,487500
"367","RONALDO CARLETTO","PP","BA",0,0,0,0,292500,0
"368","RONALDO FONSECA","PROS","DF",0,0,493100,0,0,0
"369","RONALDO LESSA","PDT","AL",0,1864021,0,0,0,1175000
"370","RONALDO NOGUEIRA","PTB","RS",1101750,850000,1475100,243750,0,0
"371","ROSANGELA GOMES","PRB","RJ",0,0,746285.98,0,999545,0
"372","RUBENS BUENO","PPS","PR",1561261.65,1120400,983400,0,243750,0
"373","RUBENS OTONI","PT","GO",0,0,5000921.74,0,0,0
"374","SAGUAS MORAES","PT","MT",0,1075447.35,3811498.77,633750,682500,975000
"375","SAMUEL MOREIRA","PSDB","SP",0,0,767220,0,0,0
"376","SANDES JUNIOR","PP","GO",0,2912368.66,3866546.79,0,0,0
"377","SANDRO ALEX","PSD","PR",702000,2700000,1094550.74,0,877500,0
"378","SARAIVA FELIPE","PMDB","MG",222565.2,2054361.25,245850,243750,1e+05,0
"379","SARNEY FILHO","PV","MA",0,0,1548469.51,0,0,0
"380","SERGIO BRITO","PSD","BA",0,3000272,2440299.01,0,682500,0
"381","SERGIO MORAES","PTB","RS",1769625,2622659,1728615.31,250000,2973750,243750
"382","SERGIO REIS","PRB","SP",0,1847638,0,0,0,0
"383","SERGIO SOUZA","PMDB","PR",1228500,0,511480,0,0,0
"384","SERGIO VIDIGAL","PDT","ES",0,2e+05,0,0,243750,0
"385","SERGIO ZVEITER","PMDB","RJ",0,999988.14,987600,0,0,0
"386","SIBA MACHADO","PT","AC",890000,2699999,493100,0,292500,0
"387","SILAS BRASILEIRO","PMDB","MG",195000,0,0,0,341250,0
"388","SILAS CAMARA","PRB","AM",0,2200000,0,0,0,0
"389","SILVIO COSTA","PTdoB","PE",0,499995.47,0,0,0,0
"390","SILVIO TORRES","PSDB","SP",146250,999999,245850,0,585000,0
"391","SIMAO SESSIM","PP","RJ",0,899999.36,6063915.18,0,975000,0
"392","SIMONE MORGADO","PMDB","PA",0,0,493100,0,0,241046.16
"393","SORAYA SANTOS","PMDB","RJ",0,0,317758.21,0,195000,735572.18
"394","SOSTENES CAVALCANTE","DEM","RJ",0,6200000,0,0,0,0
"395","STEFANO AGUIAR","PSD","MG",1116149.55,4900000,1657325.93,0,0,0
"396","SUBTENENTE GONZAGA","PDT","MG",0,1094109.77,455631.74,0,0,0
"397","TADEU ALENCAR","PSB","PE",0,164360,2376641.88,0,0,0
"398","TAKAYAMA","PSC","PR",341250,0,4047900,0,0,243750
"399","TENENTE LUCIO","PSB","MG",234000,0,0,0,0,0
"400","THIAGO PEIXOTO","PSD","GO",0,0,6279021.41,0,0,0
"401","TIA ERON","PRB","BA",0,0,0,0,1717500,90000
"402","TIRIRICA","PR","SP",487500,4998800,1328150,0,1706250,0
"403","TONINHO PINHEIRO","PP","MG",833085,0,2646631.96,0,0,0
"404","TONINHO WANDSCHEER","PROS","PR",0,0,0,0,439175.1,0
"405","VALADARES FILHO","PSB","SE",0,0,2061410,0,682500,355700
"406","VALDIR COLATTO","PMDB","SC",2094727.05,0,0,0,487500,243750
"407","VALMIR PRASCIDELLI","PT","SP",0,2e+05,245850,0,0,0
"408","VALTENIR PEREIRA","PMDB","MT",0,2999780,2876150.73,0,0,0
"409","VANDER LOUBET","PT","MS",0,8874908.25,0,0,0,0
"410","VANDERLEI MACRIS","PSDB","SP",0,1244940,3229098,0,1852500,0
"411","VENEZIANO VITAL DO REGO","PMDB","PB",0,0,541150,0,1950000,1365000
"412","VICENTE ARRUDA","PDT","CE",975000,3886401,2591702.48,0,390000,0
"413","VICENTE CANDIDO","PT","SP",0,0,836450,0,438750,0
"414","VICENTINHO","PT","SP",438750,4e+05,738950,0,2654593.5,0
"415","VINICIUS CARVALHO","PRB","SP",0,0,255740,0,487500,0
"416","VINICIUS GURGEL","PR","AP",0,1590272,0,0,0,0
"417","VITOR LIPPI","PSDB","SP",0,630000,2962800,0,585000,0
"418","WADSON RIBEIRO","PCdoB","MG",0,2e+05,0,0,780000,0
"419","WALDENOR PEREIRA","PT","BA",0,1199994.4,737550,0,361390.1,0
"420","WALDIR MARANHAO","PP","MA",487500,0,1973800,0,0,0
"421","WALNEY ROCHA","PEN","RJ",0,0,1975200,0,1175795.4,0
"422","WALTER ALVES","PMDB","RN",0,0,2263500,0,780000,1267500
"423","WASHINGTON REIS","PMDB","RJ",0,2499979.8,0,0,253500,0
"424","WELITON PRADO","PMB","MG",0,0,1015264.31,0,975000,253500
"425","WELLINGTON ROBERTO","PR","PB",0,1200000,983400,0,1438390.2,487500
"426","WEVERTON ROCHA","PDT","MA",685092.53,3922115,2468300,0,0,0
"427","WILSON FILHO","PTB","PB",321750,0,4955015.32,0,1950000,585000
"428","WLADIMIR COSTA","SD","PA",975000,0,0,0,842789.03,0
"429","WOLNEY QUEIROZ","PDT","PE",4039102.27,4380539.89,1234850,0,0,975000
"430","ZE CARLOS","PT","MA",0,0,0,0,828750,0
"431","ZE GERALDO","PT","PA",780000,3750088,2690771.74,0,0,0
"432","ZE SILVA","SD","MG",0,5e+05,245850,0,886125,0
"433","ZECA CAVALCANTI","PTB","PE",0,150000,592000,0,5e+05,0
"434","ZECA DIRCEU","PT","PR",731250,250000,3541269.92,0,982186.72,1645187.7
"435","ZENAIDE MAIA","PR","RN",0,2e+05,0,372645,0,0
"436","ABELARDO LUPION","DEM","PR",0,0,2766400,0,0,0
"437","ACELINO POPO","PRB","BA",0,0,2211160,0,487500,780000
"438","ADRIAN","PMDB","RJ",0,0,2100002.47,0,0,0
"439","AKIRA OTSUBO","PMDB","MS",0,0,1282900,0,0,0
"440","ALEXANDRE ROSO","PSB","RS",0,0,3410571.77,0,0,402077.33
"441","ALEXANDRE SANTOS","PMDB","RJ",0,0,1528837.03,0,0,0
"442","ALEXANDRE SILVEIRA","PSD","MG",2437500,342650,0,0,0,0
"443","ALEXANDRE TOLEDO","PSB","AL",0,1749855.39,493100,0,0,0
"444","ALINE CORREA","PP","SP",0,2312000,2913350,0,511655.62,0
"445","AMAURI TEIXEIRA","PT","BA",0,906000,394200,0,0,0
"446","ANDRE ZACHAROW","PMDB","PR",487500,0,2713393.05,0,0,0
"447","ANGELO VANHONI","PT","PR",0,0,2789502.47,0,0,975000
"448","ANTONIA LUCIA","PSC","AC",0,0,0,0,487500,0
"449","ANTONIO ANDRADE","PMDB","MG",2230702.5,599799.5,0,299775,0,0
"450","ANTONIO BALHMANN","PDT","CE",0,0,2325953.02,0,438750,390000
"451","ARMANDO VERGILIO","SD","GO",0,1900475,1726550,0,731250,0
"452","ARTUR BRUNO","PT","CE",243750,0,493100,0,1815827.32,0
"453","ASSIS MELO","PCdoB","RS",487500,5e+05,493100,0,1462500,0
"454","BETINHO ROSADO","PP","RN",0,0,1749101.74,0,624975,536250
"455","BETO ALBUQUERQUE","PSB","RS",0,2999986.56,0,0,0,0
"456","BIFFI","PT","MS",146250,0,1678500,0,1462500,0
"457","CAMILO COLA","PMDB","ES",0,1180080,0,0,0,0
"458","CANDIDO VACCAREZZA","PT","SP",0,0,1479300,0,0,0
"459","CARLOS ALBERTO LEREIA","PSDB","GO",0,1000375,0,0,0,0
"460","DELEGADO PROTOGENES","PCdoB","SP",0,0,0,0,987466,0
"461","DEVANIR RIBEIRO","PT","SP",158242.5,0,3707436.04,0,0,0
"462","DOMINGOS DUTRA","SD","MA",0,2e+06,2273300,0,1462500,0
"463","DR. ADILSON SOARES","PR","RJ",0,0,2297777.75,0,0,0
"464","DR. GRILO","SD","MG",0,2574775,2369400,0,0,0
"465","DR. LUIZ FERNANDO","PSD","AM",0,5448085,0,0,0,0
"466","DR. ROSINHA","PT","PR",0,0,789800,0,0,0
"467","DR. UBIALI","PSB","SP",0,43305,0,0,0,0
"468","DUDIMAR PAXIUBA","PROS","PA",817050,0,0,0,0,0
"469","EDSON EZEQUIEL","PMDB","RJ",0,0,3867950.74,0,0,0
"470","EDSON PIMENTA","PSD","BA",0,0,740350,0,0,0
"471","EDUARDO GOMES","SD","TO",292500,0,986200,0,1072500,487500
"472","EDUARDO SCIARRA","PSD","PR",828750,799997.76,984800,0,609155.62,0
"473","ELEUSES PAIVA","PSD","SP",0,1e+06,3860864.7,0,0,0
"474","ELIENE LIMA","PSD","MT",0,3e+05,3855700,0,0,0
"475","ELISEU PADILHA","PMDB","RS",0,0,1475100,0,0,0
"476","EMANUEL FERNANDES","PSDB","SP",0,0,493100,0,0,0
"477","EMILIANO JOSE","PT","BA",0,2e+05,1282900,0,243750,0
"478","ENIO BACCI","PDT","RS",0,2e+05,2154327.5,0,390000,0
"479","EUDES XAVIER","PT","CE",0,1e+06,3867568,0,0,0
"480","EURICO JUNIOR","PV","RJ",0,0,0,0,877500,0
"481","FABIO SOUTO","DEM","BA",0,0,1689239.97,0,0,2145000
"482","FABIO TRAD","PMDB","MS",0,0,1876300,0,0,0
"483","FATIMA PELAES","PMDB","AP",0,2e+06,0,0,562300,0
"484","FRANCISCO CHAGAS","PT","SP",0,0,344527.47,0,0,0
"485","GABRIEL CHALITA","PMDB","SP",0,4270010,1371910,0,487500,0
"486","GASTAO VIEIRA","PMDB","MA",0,290000,873642.48,0,1462500,390000
"487","GERALDO SIMOES","PT","BA",0,750000,1480700,0,390000,0
"488","GERALDO THADEU","PSD","MG",0,546770,590600,0,1170000,507000
"489","GIOVANNI QUEIROZ","PDT","PA",493539.15,0,295300,0,292500,682500
"490","GLADSON CAMELI","PP","AC",0,2990272,986200,0,0,0
"491","GUILHERME CAMPOS","PSD","SP",0,0,3853073.08,0,0,0
"492","GUSTAVO PETTA","PCdoB","SP",0,5e+05,0,0,2242500,0
"493","HELCIO SILVA","PT","SP",0,0,255740,0,0,0
"494","HELIO SANTOS","PSDB","MA",0,1e+06,0,362300,0,0
"495","HENRIQUE EDUARDO ALVES","PMDB","RN",0,0,1784050.74,0,292500,975000
"496","HENRIQUE OLIVEIRA","SD","AM",0,5448085,0,0,0,0
"497","HUGO NAPOLEAO","PSD","PI",0,3912479.63,1976600,0,0,0
"498","INOCENCIO OLIVEIRA","PR","PE",0,0,0,0,0,682500
"499","IRINY LOPES","PT","ES",156000,0,0,1e+05,243750,0
"500","IRIS DE ARAUJO","PMDB","GO",0,3e+05,0,0,97500,243750
"501","JAIRO ATAIDE","DEM","MG",0,0,3867950.74,0,0,0
"502","JANETE ROCHA PIETA","PT","SP",0,2e+05,1294768,0,292500,0
"503","JANIO NATAL","PRP","BA",0,0,295300,0,0,0
"504","JAQUELINE RORIZ","PMN","DF",0,0,1738714.7,0,0,0
"505","JOAO ANANIAS","PCdoB","CE",1170000,0,2074100,0,0,0
"506","JOAO DADO","SD","SP",0,1075693.6,269094.47,102300,1458884.7,0
"507","JOAO LYRA","PSD","AL",0,782000,0,0,0,0
"508","JOAO MAGALHAES","PMDB","MG",0,1e+06,1264080.74,0,1950000,0
"509","JOAO MAIA","PR","RN",0,0,3354200,0,0,0
"510","JOAO PAULO LIMA","PT","PE",0,5e+05,690900,0,0,0
"511","JOAO PIZZOLATTI","PP","SC",0,0,3855350.72,0,0,0
"512","JOSE ANIBAL","PSDB","SP",0,4534470,0,0,0,0
"513","JOSE AUGUSTO MAIA","PROS","PE",0,0,455900.74,0,487500,487500
"514","JOSE HUMBERTO","PSD","MG",975000,0,949001.73,7e+05,0,0
"515","JOSE LINHARES","PP","CE",0,0,3712600.74,0,0,0
"516","JULIO CAMPOS","DEM","MT",0,2e+06,0,0,243750,292500
"517","JUNIOR COIMBRA","PMDB","TO",682500,0,1392379.76,0,243750,0
"518","JUNJI ABE","PSD","SP",0,0,1133916.47,0,0,0
"519","LAEL VARELLA","DEM","MG",0,1801150,0,0,0,0
"520","LEANDRO VILELA","PMDB","GO",0,799991.1,0,0,195000,0
"521","LILIAM SA","PROS","RJ",0,0,0,2e+06,0,0
"522","LIRA MAIA","DEM","PA",975000,0,0,0,975000,0
"523","LUCI CHOINACKI","PT","SC",0,5312765.7,1717980,0,0,0
"524","LUIZ ALBERTO","PT","BA",0,0,0,0,0,585000
"525","LUIZ ARGOLO","SD","BA",0,3977475,0,0,0,0
"526","LUIZ CARLOS","PSDB","AP",0,4412201,0,0,0,0
"527","LUIZ DE DEUS","DEM","BA",0,3e+05,987600,0,0,0
"528","LUIZ FERNANDO MACHADO","PSDB","SP",0,0,1291390,0,0,0
"529","LUIZ OTAVIO","PMDB","PA",109577.33,0,493100,0,0,0
"530","MAJOR FABIO","PROS","PB",0,362269,2406450.74,0,0,0
"531","MANOEL SALVIANO","PSD","CE",682500,5e+05,2186650.74,0,0,0
"532","MARCIO BITTAR","PSDB","AC",1462500,1500000,0,0,0,0
"533","MARCIO MACEDO","PT","SE",0,0,2341875,0,0,0
"534","MARCOS MEDRADO","SD","BA",0,0,3867950.74,0,0,0
"535","MARIA LUCIA PRANDI","PT","SP",0,700010,295300,0,0,0
"536","MARLLOS SAMPAIO","PMDB","PI",0,0,3212850,0,0,0
"537","MAURICIO TRINDADE","PROS","BA",0,0,1678500,0,0,0
"538","MIRIQUINHO BATISTA","PT","PA",0,1630300,0,0,1950000,0
"539","NARCIO RODRIGUES","PSDB","MG",0,1162138.64,3855700,0,0,0
"540","NEWTON CARDOSO","PMDB","MG",0,0,2028500.74,0,877500,0
"541","NEWTON LIMA","PT","SP",0,0,1010702.47,0,0,0
"542","NICE LOBAO","PSD","MA",0,0,2469700,0,487500,0
"543","NILDA GONDIM","PMDB","PB",0,2e+05,1181200,0,0,0
"544","ODILIO BALBINOTTI","PMDB","PR",1023750,1500000,0,0,0,0
"545","OSMAR JUNIOR","PCdoB","PI",0,1399500,0,0,0,0
"546","OTONIEL LIMA","PRB","SP",597068.55,0,2962800,0,0,0
"547","PADRE TON","PT","RO",0,250000,0,0,0,0
"548","PAULO BORNHAUSEN","PSB","SC",0,1799999.88,0,0,0,0
"549","PAULO RUBEM SANTIAGO","PDT","PE",0,1e+06,0,0,0,0
"550","PEDRO NOVAIS","PMDB","MA",0,1300000,2964200,0,0,0
"551","PENNA","PV","SP",0,3304365,3705950,0,0,0
"552","PERPETUA ALMEIDA","PCdoB","AC",682500,0,1629025.28,0,0,0
"553","PINTO ITAMARATY","PSDB","MA",0,3504388,0,0,792077.32,0
"554","PROFESSOR SETIMO","PMDB","MA",0,2100000,394200,0,682500,0
"555","RATINHO JUNIOR","PSC","PR",341250,1045000,295300,0,0,0
"556","REBECCA GARCIA","PP","AM",0,5448085,0,0,0,0
"557","ROBERTO DORNER","PSD","MT",0,999999.98,3581805.77,0,0,0
"558","ROBERTO SANTIAGO","PSD","SP",0,0,3864508.55,0,0,0
"559","ROGERIO CARVALHO","PT","SE",0,0,565652.47,0,487500,0
"560","RONALDO CAIADO","DEM","GO",2427950.86,849998.54,3196050,0,0,243750
"561","RONALDO ZULKE","PT","RS",0,3e+05,1428450,0,487500,487500
"562","ROSANE FERREIRA","PV","PR",3814577.33,65000,0,0,0,0
"563","ROSE DE FREITAS","PMDB","ES",1679062.13,3176015,1962779,0,0,0
"564","RUI COSTA","PT","BA",0,2638613.12,0,0,0,0
"565","RUY CARNEIRO","PSDB","PB",0,0,3220827.48,0,0,0
"566","SALVADOR ZIMBALDI","PROS","SP",0,662475,0,0,0,0
"567","SANDRA ROSADO","PSB","RN",0,0,738950,0,0,0
"568","SANDRO MABEL","PMDB","GO",0,250000,3036898,0,0,0
"569","SEBASTIAO BALA ROCHA","SD","AP",0,1e+06,0,0,0,0
"570","SUELI VIDIGAL","PDT","ES",0,0,0,1e+06,0,0
"571","TAUMATURGO LIMA","PT","AC",0,2750000,0,0,0,0
"572","VANDERLEI SIRAQUE","PT","SP",0,0,690900,0,0,243750
"573","VAZ DE LIMA","PSDB","SP",0,2479890.46,1922950,0,0,0
"574","VIEIRA DA CUNHA","PDT","RS",0,0,0,0,0,975000
"575","VILALBA","PP","PE",0,1e+06,493100,0,0,0
"576","VILMAR ROCHA","PSD","GO",0,0,2468300,0,0,0
"577","VILSON COVATTI","PP","RS",645827.32,1858958,737550,0,1950000,487500
"578","VITOR PAULO","PRB","RJ",0,915000,0,0,0,0
"579","VITOR PENIDO","DEM","MG",0,299275,689500,0,341250,0
"580","WELLINGTON FAGUNDES","PR","MT",0,1944228,394200,0,0,0
"581","WILLIAM DIB","PSDB","SP",585170,149999.68,2023250,0,299090,0
"582","ZE VIEIRA","PROS","MA",0,2500387,1931276.53,0,0,0
"583","ZOINHO","PR","RJ",0,0,2965600,0,0,0
